{"batch_size": 200, "lr": 0.0002, "epochs": 0, "loss": [5.300022602081299, 5.298779487609863], "top x test acc:": [[0, 0.1, 0.25], [0.0, 0.115, 0.26666666666666666]], "num_steps": [0, 1]}