{"batch_size": 200, "lr": 0.0002, "epochs": 0, "loss": [5.298351287841797, 5.2972612380981445], "top x test acc:": [[0, 0.1, 0.25], [0.0016666666666666668, 0.10666666666666667, 0.24833333333333335]], "num_steps": [0, 1]}