{"batch_size": 200, "lr": 0.0002, "epochs": 0, "loss": [5.299637794494629, 5.296910285949707], "top x test acc:": [[0, 0.1, 0.25], [0.0033333333333333335, 0.12666666666666668, 0.29833333333333334]], "num_steps": [0, 1]}